nflverse_game_id,season,week,gameday,canonical_odds_event_id,n_matched_event_ids,n_units
2023_01_ARI_WAS,2023,1,2023-09-10,175d9f07fc52d99b21bc772b1499c3d8,1,2
2023_01_BUF_NYJ,2023,1,2023-09-11,87ca05f061855f8497a3a81d9942b5d1,1,2
2023_01_CAR_ATL,2023,1,2023-09-10,6c2d3077c50eece8e6a37742d1ac5756,1,2
2023_01_CIN_CLE,2023,1,2023-09-10,35294c242bcfdb30c9f58dc6f68da6b2,1,2
2023_01_DAL_NYG,2023,1,2023-09-10,2dd1bc48e4929ba7ed2b38fc668b1609,1,2
2023_01_DET_KC,2023,1,2023-09-07,42db668449664943833b5c04a583328a,1,2
2023_01_GB_CHI,2023,1,2023-09-10,54b900ff32cfc8ad40f4d856fc5a4985,1,2
2023_01_HOU_BAL,2023,1,2023-09-10,33368d4979d3475b77f5e9eb49648203,1,2
2023_01_JAX_IND,2023,1,2023-09-10,1278f44be0d97920fd149f7cdfc9574d,1,2
2023_01_LA_SEA,2023,1,2023-09-10,d818062d65dfa411c269ee61943655cd,1,2
2023_01_LV_DEN,2023,1,2023-09-10,4d18f524fdaa6d8d7f81f9803a43d5f0,1,2
2023_01_MIA_LAC,2023,1,2023-09-10,d543cbc3d38bed6c7c727e3cabc1188e,1,2
2023_01_PHI_NE,2023,1,2023-09-10,0a368c64b212ecbad4ec46f6ff6c1af2,1,2
2023_01_SF_PIT,2023,1,2023-09-10,741437df0e5c0350c32ce707161bd423,1,2
2023_01_TB_MIN,2023,1,2023-09-10,b3763a6d678b9787e27cec3272252e24,1,2
2023_01_TEN_NO,2023,1,2023-09-10,bbe791f371726d950a509d928f4c65cd,1,2
2023_02_BAL_CIN,2023,2,2023-09-17,b11493a11859c02a97dfa186c32a2b7a,1,2
2023_02_CHI_TB,2023,2,2023-09-17,ec238fc4bfd91d24ae566950edc120fe,1,2
2023_02_CLE_PIT,2023,2,2023-09-18,7ea45f55c7bb922c581f809166c0fab3,1,2
2023_02_GB_ATL,2023,2,2023-09-17,666546663407166ca824cc304f740dfe,1,2
2023_02_IND_HOU,2023,2,2023-09-17,2ecfbe1dcf553f66dd34b4772c1c9b99,1,2
2023_02_KC_JAX,2023,2,2023-09-17,450d0600bc30565494c6df8096e04976,1,2
2023_02_LAC_TEN,2023,2,2023-09-17,eab3d772c3c8e4a6d3813ece55055529,1,2
2023_02_LV_BUF,2023,2,2023-09-17,1ed637f2ef1ae5f2f7184d38e94fe137,1,2
2023_02_MIA_NE,2023,2,2023-09-17,9003a41d4bd320e1c437ea6dc5a2fec6,1,2
2023_02_MIN_PHI,2023,2,2023-09-14,217559949d3b88a1267c2c4c480eab51,1,2
2023_02_NO_CAR,2023,2,2023-09-18,e1573fb36f89f2e295e128bf5ec13a6a,1,2
2023_02_NYG_ARI,2023,2,2023-09-17,6166ce062983d3566b0ef03d8fd2ab87,1,2
2023_02_NYJ_DAL,2023,2,2023-09-17,8d0feb26abd99c7136450e434ba91173,1,2
2023_02_SEA_DET,2023,2,2023-09-17,30e317800515c33d2635df2d05a6d14d,1,2
2023_02_SF_LA,2023,2,2023-09-17,a6a30233e1ec7fb3b9f9a5e4444ff14b,1,2
2023_02_WAS_DEN,2023,2,2023-09-17,7e881b03dcf88ddd4e9d1a3c609db6d3,1,2
2023_03_ATL_DET,2023,3,2023-09-24,4609c9aaa9bc0b3a76b75f2f85f6a5f1,1,2
2023_03_BUF_WAS,2023,3,2023-09-24,f049d09c797baccf11023b4cb7bc9b0b,1,2
2023_03_CAR_SEA,2023,3,2023-09-24,4b3ed4ec08352199ff98bdf14b247c88,1,2
2023_03_CHI_KC,2023,3,2023-09-24,806b105d4be36f9d8ac4a782cb43c1f1,1,2
2023_03_DAL_ARI,2023,3,2023-09-24,9541cadef6a637071b8588eb4938a5c8,1,2
2023_03_DEN_MIA,2023,3,2023-09-24,2ff30bbaf02729644dc5dd83dd02ab12,1,2
2023_03_HOU_JAX,2023,3,2023-09-24,c6aa32a2bdcc85e5d8b8ae2e570607e6,1,2
2023_03_IND_BAL,2023,3,2023-09-24,2c66bee99eec7cca649ecb6b249868fb,1,2
2023_03_LAC_MIN,2023,3,2023-09-24,1db441aef0ee06367729d9f1fc3e57b0,1,2
2023_03_LA_CIN,2023,3,2023-09-25,8251607b68015d2972e7f4b773149cb2,1,2
2023_03_NE_NYJ,2023,3,2023-09-24,66edacbc3505803f401192da0fb09b49,1,2
2023_03_NO_GB,2023,3,2023-09-24,caae83ff4cadf6b1d63bc8a70af76865,1,2
2023_03_NYG_SF,2023,3,2023-09-21,47b49faf45f8a39f9910f004a79ff360,1,2
2023_03_PHI_TB,2023,3,2023-09-25,1e006c91ca2e69c339ed517495a2f428,1,2
2023_03_PIT_LV,2023,3,2023-09-24,abf76aa8adc82854d703518042be4452,1,2
2023_03_TEN_CLE,2023,3,2023-09-24,f72ef9b6be34818391c726a0cd690f48,1,2
2023_04_ARI_SF,2023,4,2023-10-01,332627137e6b3bebf649665ca0b87012,2,2
2023_04_ATL_JAX,2023,4,2023-10-01,679ec2fdc4a6bc423cdc77759cc226b7,1,2
2023_04_BAL_CLE,2023,4,2023-10-01,0eba74e823091ef0c018db3186d6d9f4,2,2
2023_04_CIN_TEN,2023,4,2023-10-01,21557c1796a67d11b1d49a025fc5f74f,2,2
2023_04_DEN_CHI,2023,4,2023-10-01,57ffc446e97c819dc2a70b975bb8137a,2,2
2023_04_DET_GB,2023,4,2023-09-28,64d2cc01eb7414bb4a85a3f08cb3ab51,2,2
2023_04_KC_NYJ,2023,4,2023-10-01,1fc413cbbf2bd5749a9b4e195f6ed6e1,2,2
2023_04_LA_IND,2023,4,2023-10-01,8309916190181e1c0b721d63ba48175b,2,2
2023_04_LV_LAC,2023,4,2023-10-01,411f92b1c380589ce362b17fed7d2b6a,2,2
2023_04_MIA_BUF,2023,4,2023-10-01,21bb40c5a5ceee50be3c920b4ae63d49,2,2
2023_04_MIN_CAR,2023,4,2023-10-01,83690cd5137dd21957b5f7e5f0d69ce8,2,2
2023_04_NE_DAL,2023,4,2023-10-01,19b8f1eaf555f3eef3ce87a61ad7ad16,2,2
2023_04_PIT_HOU,2023,4,2023-10-01,24264c7ce10b65e575310ae99c25fb7f,2,2
2023_04_SEA_NYG,2023,4,2023-10-02,5176634f6d30e29b08199d1e0ed6309d,2,2
2023_04_TB_NO,2023,4,2023-10-01,99ad9bb646b822c7dc5af2f7eb2945c7,2,2
2023_04_WAS_PHI,2023,4,2023-10-01,8eb8b5d38368fbe9b7d2aeddee9389a3,2,2
2023_05_BAL_PIT,2023,5,2023-10-08,98ca9ce220c26ef58cfdbaf0312beed8,2,2
2023_05_CAR_DET,2023,5,2023-10-08,4c1521d442b80d7f0d6459e8b42e22d7,2,2
2023_05_CHI_WAS,2023,5,2023-10-05,115303070d36ce1e366dc4a3091c53cd,2,2
2023_05_CIN_ARI,2023,5,2023-10-08,51324a8a97c14d19e5c8e9091ba8b37c,2,2
2023_05_DAL_SF,2023,5,2023-10-08,83b372f4210309fc21611f6e5432393a,2,2
2023_05_GB_LV,2023,5,2023-10-09,353b0556f31bd97a30c0a55212c1617f,2,2
2023_05_HOU_ATL,2023,5,2023-10-08,093f902b13a40cc6d60eb0a38e6d40e1,2,2
2023_05_JAX_BUF,2023,5,2023-10-08,fdb93b64c39ea4a4312ffe74788b551b,1,2
2023_05_KC_MIN,2023,5,2023-10-08,166bf980718e06c346f9eb8a6ed882db,2,2
2023_05_NO_NE,2023,5,2023-10-08,088c8fc0a2e5f02bb2591f44a41a2cd1,2,2
2023_05_NYG_MIA,2023,5,2023-10-08,6ed123d675ff7026b7b8ae34d3b4a59f,2,2
2023_05_NYJ_DEN,2023,5,2023-10-08,8b607ae76ab2f647be17e7553ff57533,2,2
2023_05_PHI_LA,2023,5,2023-10-08,483964581fdd3bb0bf48d4735c2da6e2,2,2
2023_05_TEN_IND,2023,5,2023-10-08,8dae05c92e2c64a0e7cabc27503c395d,2,2
2023_06_ARI_LA,2023,6,2023-10-15,2b982be329036f42b28534266e322952,2,2
2023_06_BAL_TEN,2023,6,2023-10-15,0cd8d5597260f1a2c9692f4c54ffb91f,1,2
2023_06_CAR_MIA,2023,6,2023-10-15,39c57be9aa8845c80d4e624548d0a189,2,2
2023_06_DEN_KC,2023,6,2023-10-12,b956b90b48a7a34230fac518cd294c7a,2,2
2023_06_IND_JAX,2023,6,2023-10-15,4580cdc2486bd4dbb44cde4fd680e832,2,2
2023_06_MIN_CHI,2023,6,2023-10-15,9b493f1a26dccbb3d34e029ad34e0235,2,2
2023_06_NE_LV,2023,6,2023-10-15,16c42a31d64515456a664316d5437a59,2,2
2023_06_NO_HOU,2023,6,2023-10-15,c6e270f707e1122b6e6431cfbf1124fa,2,2
2023_06_NYG_BUF,2023,6,2023-10-15,68b7be06e7590bd403fd52db5c1d1c35,2,2
2023_06_PHI_NYJ,2023,6,2023-10-15,dc62a556db6973a28f64ca28481850f8,2,2
2023_06_WAS_ATL,2023,6,2023-10-15,7c8e887a27e43988654b137a001f6d3b,2,2
2023_07_ARI_SEA,2023,7,2023-10-22,50d31f250d6221f4cacd447233e6d9e6,2,2
2023_07_ATL_TB,2023,7,2023-10-22,34cb0a1f67779710e26bad9c1ebab81e,2,2
2023_07_BUF_NE,2023,7,2023-10-22,3080378924a7a8fa778d90243a1f4d54,2,2
2023_07_CLE_IND,2023,7,2023-10-22,5daeacbcda1ca66cf0ac102b1b6c3728,2,2
2023_07_DET_BAL,2023,7,2023-10-22,17d4277bfa01c37a1c599fb1fb3d3d13,2,2
2023_07_JAX_NO,2023,7,2023-10-19,16143d5b3cfe34d32198da53771e14ee,2,2
2023_07_LAC_KC,2023,7,2023-10-22,c992a4e4d0046cd4926bf3524e35ff79,2,2
2023_07_LV_CHI,2023,7,2023-10-22,2decc44ccdfb309756fa93d864f5773f,2,2
2023_07_MIA_PHI,2023,7,2023-10-22,029287f953eb89c62eb833591b639086,2,2
2023_07_SF_MIN,2023,7,2023-10-23,42ccfa93a908006e5677687427c528db,2,2
2023_07_WAS_NYG,2023,7,2023-10-22,50bd8049327bddb2433b90e98994d98b,2,2
2023_08_BAL_ARI,2023,8,2023-10-29,654cb9192ec741626a7059a9e872f0d4,2,2
2023_08_CHI_LAC,2023,8,2023-10-29,56fab852b2d32615b5a38fb949e166e5,2,2
2023_08_CLE_SEA,2023,8,2023-10-29,787552bac1bf53711f90ae8de5c55aef,2,2
2023_08_JAX_PIT,2023,8,2023-10-29,b1ac8bca9348e03321aa9bb276a6aadb,2,2
2023_08_KC_DEN,2023,8,2023-10-29,4b3bf6a14799c3aba60073fab153a9b1,2,2
2023_08_LV_DET,2023,8,2023-10-30,8b59fe43939a2e45652c93373a06fa05,2,2
2023_08_MIN_GB,2023,8,2023-10-29,93991757289dd5b650742a6e18184271,2,2
2023_08_NE_MIA,2023,8,2023-10-29,21c7005a3e6cd5da08d67e737a83d89d,2,2
2023_08_NO_IND,2023,8,2023-10-29,f178a9547a006602c75a3e9496ed4930,2,2
2023_08_PHI_WAS,2023,8,2023-10-29,4d8b130d0b5c36b7eac558283ebb4490,2,2
2023_08_TB_BUF,2023,8,2023-10-26,45dd171b094c989688f3a10d6b613eb6,2,2
2023_09_ARI_CLE,2023,9,2023-11-05,13a6db4b4dcde6ea412927c1668faf65,2,2
2023_09_BUF_CIN,2023,9,2023-11-05,68afbfc763fee8c6dcabf1c129275c5b,2,2
2023_09_CHI_NO,2023,9,2023-11-05,64ad3ec55cefcf573466f418bd52f408,2,2
2023_09_DAL_PHI,2023,9,2023-11-05,3530767142f1ffd184aa029401f5acbb,2,2
2023_09_IND_CAR,2023,9,2023-11-05,18005bf9b379df1435ae3caa1e12ac00,2,2
2023_09_LAC_NYJ,2023,9,2023-11-06,0b97918bdf07fff2bc9fc12f3f6035c7,2,2
2023_09_LA_GB,2023,9,2023-11-05,c0b98a80a1d531cc3f1bc4c99e1a1b76,2,2
2023_09_MIA_KC,2023,9,2023-11-05,0c04d15be316b6811a2ec21352ac2257,2,2
2023_09_MIN_ATL,2023,9,2023-11-05,14b6dc52dc6d20569b167d942ba576e7,2,2
2023_09_NYG_LV,2023,9,2023-11-05,a8645f7be06a04885f18da4aeaf42767,2,2
2023_09_SEA_BAL,2023,9,2023-11-05,6342c443837605582abb04112f1e1221,2,2
2023_09_TB_HOU,2023,9,2023-11-05,b15c4963ac467111a37d6a7ce795e1df,2,2
2023_09_TEN_PIT,2023,9,2023-11-02,32af8c89aaa69de55f0267103f5cc765,2,2
2023_09_WAS_NE,2023,9,2023-11-05,476e94efa7056c70f547bcc1c5655086,2,2
2023_10_ATL_ARI,2023,10,2023-11-12,5879128840c29e3469a6ceb64bab9470,2,2
2023_10_CAR_CHI,2023,10,2023-11-09,6b00e6497a647bf5cb1d519b0519b73a,2,2
2023_10_CLE_BAL,2023,10,2023-11-12,74e532024ec77704fe5622f5de85c1b5,2,2
2023_10_GB_PIT,2023,10,2023-11-12,598cba017220362c51b4e9436b864e55,2,2
2023_10_HOU_CIN,2023,10,2023-11-12,89ded0ad665e4fb3e304a8025172c3d7,2,2
2023_10_IND_NE,2023,10,2023-11-12,b5b610ddb0ca0f0bc3d51e07ecc4c520,1,2
2023_10_NO_MIN,2023,10,2023-11-12,1ef403b76cec4a4fafa9896083ab1e98,2,2
2023_10_NYG_DAL,2023,10,2023-11-12,d43b2f0404fd07a7e8b288209e2d6cbc,2,2
2023_10_NYJ_LV,2023,10,2023-11-12,41ce9f4c4c9f5731ab3d7c30eeb346f0,2,2
2023_10_TEN_TB,2023,10,2023-11-12,07fc4a3bb61dceee5482086876af7ca0,2,2
2023_10_WAS_SEA,2023,10,2023-11-12,e658ecc30213f84c4b68dc3cf5f3f44c,2,2
2023_11_ARI_HOU,2023,11,2023-11-19,59073fafe2bff1a36fbac39f03ea4047,2,2
2023_11_CHI_DET,2023,11,2023-11-19,725fda19c1793f5a81c16263426788ee,2,2
2023_11_CIN_BAL,2023,11,2023-11-16,ad2140bcb78fd6f6d37bee937bfa4d90,2,2
2023_11_DAL_CAR,2023,11,2023-11-19,3d08e5109caaffbcbe0deb49638886df,2,2
2023_11_LAC_GB,2023,11,2023-11-19,67393ac54aa501bed8309ea51f5486ff,2,2
2023_11_MIN_DEN,2023,11,2023-11-19,607328d6a9c1d54df81d1dda1b28e4ad,2,2
2023_11_NYG_WAS,2023,11,2023-11-19,643c0a5da6ec46a44b0b1d5dd3819b9c,2,2
2023_11_NYJ_BUF,2023,11,2023-11-19,59dd86623afe930e7553a4d69ae5d1dd,2,2
2023_11_PIT_CLE,2023,11,2023-11-19,3152f45199a800df6949bedc3667cc56,2,2
2023_11_TB_SF,2023,11,2023-11-19,2c03e21b050d5cc577cefeaf412806a1,2,2
2023_11_TEN_JAX,2023,11,2023-11-19,14322e4bcc697089c189622915db1a04,2,2
2023_12_BAL_LAC,2023,12,2023-11-26,8adade244c5434468c8b5110d2495346,2,2
2023_12_BUF_PHI,2023,12,2023-11-26,5e766a287ba24d40d9e40aa41efe19de,2,2
2023_12_CAR_TEN,2023,12,2023-11-26,387496b9809d0ba1d218674c095a9851,2,2
2023_12_CHI_MIN,2023,12,2023-11-27,67dbcd6de194baaaacc3cdbd0bbfaddc,2,2
2023_12_CLE_DEN,2023,12,2023-11-26,235cda051b67abf97abb666185141191,2,2
2023_12_GB_DET,2023,12,2023-11-23,0f2909e25d9307a32b840dcccf848e5f,2,2
2023_12_JAX_HOU,2023,12,2023-11-26,cdbded92854532a2f0b02d6d36a47e26,2,2
2023_12_KC_LV,2023,12,2023-11-26,070696c0b4ea8fd1f56ecbd9c8208d28,2,2
2023_12_LA_ARI,2023,12,2023-11-26,8ae8cb6bc916ef00f469d8effcd5109f,2,2
2023_12_MIA_NYJ,2023,12,2023-11-24,32c414934534235b0885860a21180ddc,1,2
2023_12_PIT_CIN,2023,12,2023-11-26,4dc52e888473f9d445419321b93606f9,2,2
2023_12_SF_SEA,2023,12,2023-11-23,8b3eaa974c419fc945a732b2da865fcb,2,2
2023_12_WAS_DAL,2023,12,2023-11-23,6063551c1ea5dbda7eda9318235d2c96,2,2
2023_13_ARI_PIT,2023,13,2023-12-03,76ae384526017414d68d617bf80b8aab,2,2
2023_13_ATL_NYJ,2023,13,2023-12-03,8adf20ae245b218aa0f008be93442a19,2,2
2023_13_CAR_TB,2023,13,2023-12-03,43df28defee70f608e4cf44f51c3c351,2,2
2023_13_CIN_JAX,2023,13,2023-12-04,9d8adc8869cc6928ecd4b3e8702fdfc3,2,2
2023_13_CLE_LA,2023,13,2023-12-03,4622746235a30217e61503cbcb3204bc,2,2
2023_13_DEN_HOU,2023,13,2023-12-03,513f5128a7e077220de27f90cf74d0b1,2,2
2023_13_DET_NO,2023,13,2023-12-03,41c4d77b6a910a6b2364fbeb51dba059,2,2
2023_13_IND_TEN,2023,13,2023-12-03,17de8321bec85ed9b88c7e6dfbe888cb,2,2
2023_13_KC_GB,2023,13,2023-12-03,73c12aabdca5d275a8f7d4976ebafefb,2,2
2023_13_LAC_NE,2023,13,2023-12-03,ad1bbe3e94716ca03c3059092cbd1eee,2,2
2023_13_MIA_WAS,2023,13,2023-12-03,089920e73e430bb5d024d9c29db8a883,2,2
2023_13_SEA_DAL,2023,13,2023-11-30,b2eeb176fc9adfc63b9098b313905792,2,2
2023_13_SF_PHI,2023,13,2023-12-03,01d2c501c2836b50ef978f04c4673c6f,1,2
2023_14_CAR_NO,2023,14,2023-12-10,21466b3f0fdff97da5c44d0774f2c1a6,2,2
2023_14_DEN_LAC,2023,14,2023-12-10,1b45a999d8130829ebd2663fed2dff9e,2,2
2023_14_HOU_NYJ,2023,14,2023-12-10,ad9641812be259565c9f27efacbd6078,2,2
2023_14_IND_CIN,2023,14,2023-12-10,44ce059ff332b5b1169459132488a51e,2,2
2023_14_JAX_CLE,2023,14,2023-12-10,156a01a54bcfbadd7ec386f6bfc69e05,2,2
2023_14_NE_PIT,2023,14,2023-12-07,307bc19d0fa53705792b3797b8566b80,2,2
2023_14_PHI_DAL,2023,14,2023-12-10,2401b500060433c59a58b6dd668d282b,2,2
2023_14_SEA_SF,2023,14,2023-12-10,2dd1e52f6b672077ef0f43b1a21ca99b,2,2
2023_14_TB_ATL,2023,14,2023-12-10,75558e1b61a377e60eba1971dfb6a46c,2,2
2023_14_TEN_MIA,2023,14,2023-12-11,2c4ca7353e2db06d12d583f8a46d38a7,2,2
2023_15_ATL_CAR,2023,15,2023-12-17,89a76d31332effa87075701f164a8e0a,1,2
2023_15_BAL_JAX,2023,15,2023-12-17,16e008b59e9500b9abe023027589a9f3,2,2
2023_15_CHI_CLE,2023,15,2023-12-17,abf4a23e7c6b9dd94d13a3070a32a65f,1,2
2023_15_DAL_BUF,2023,15,2023-12-17,16807f51a2a89040e6573ff24bfcd9ab,2,2
2023_15_DEN_DET,2023,15,2023-12-16,7ede0a7d8b6a25ea54efe6e06f118c23,2,2
2023_15_HOU_TEN,2023,15,2023-12-17,e3f50249e8a9b42484ad0922fca4f9f0,1,2
2023_15_KC_NE,2023,15,2023-12-17,8aea6316338b72fd46c714d6eb8fb3e7,1,2
2023_15_LAC_LV,2023,15,2023-12-14,72a6214a3f806871b60e04ee1f977abe,1,2
2023_15_MIN_CIN,2023,15,2023-12-16,504debed5f593861f189755b6f1cd04c,2,2
2023_15_NYG_NO,2023,15,2023-12-17,269d93043744dc23028a0de89fbc3c14,1,2
2023_15_NYJ_MIA,2023,15,2023-12-17,de64df56de3a6998f152879e68fee61c,1,2
2023_15_PHI_SEA,2023,15,2023-12-18,7856ae92af5a45990c0673041c46917b,2,2
2023_15_PIT_IND,2023,15,2023-12-16,333bbb25233d3e004f0979b9a9987074,2,2
2023_15_TB_GB,2023,15,2023-12-17,3c35ab18ec14298b28d7881f50bb503d,1,2
2023_16_ARI_CHI,2023,16,2023-12-24,092ea6c489184135df2f5f61dcf4c1b4,2,2
2023_16_BAL_SF,2023,16,2023-12-25,64ba138ea09d9cbeb47efa72853b8851,2,2
2023_16_BUF_LAC,2023,16,2023-12-23,cf855efaf0c22025c0ad8d8a605679a1,2,2
2023_16_CIN_PIT,2023,16,2023-12-23,b99a12370b4b0a34cde90d66f19b4841,2,2
2023_16_CLE_HOU,2023,16,2023-12-24,5500b405eeb2cd0ef11921548ec01793,2,2
2023_16_DAL_MIA,2023,16,2023-12-24,434c4d5264c6da9735c189a2a62b024b,2,2
2023_16_DET_MIN,2023,16,2023-12-24,845d66294b092dcf762e30d256071de2,2,2
2023_16_GB_CAR,2023,16,2023-12-24,8895b324299a6ba93024193432787fe0,2,2
2023_16_IND_ATL,2023,16,2023-12-24,3877bbd549c811dc565cc9e08345eff2,2,2
2023_16_JAX_TB,2023,16,2023-12-24,61c73107ddf7135cabd60aee621545a0,2,2
2023_16_LV_KC,2023,16,2023-12-25,25aea15aa16519945e654a0a5158ccf0,1,2
2023_16_NE_DEN,2023,16,2023-12-24,1a815be65f48c8cace4642809bf9baa2,2,2
2023_16_NO_LA,2023,16,2023-12-21,11009ecb9244b0f3f598ed07bc26ac7b,2,2
2023_16_NYG_PHI,2023,16,2023-12-25,361a376a7fe6aa6a72a42331299683dc,1,2
2023_16_SEA_TEN,2023,16,2023-12-24,a14cf0f440a1f6f15410af16b2920b4f,2,2
2023_16_WAS_NYJ,2023,16,2023-12-24,7801138a89d2fb0eb1f9500de34b82dc,2,2
2023_17_ARI_PHI,2023,17,2023-12-31,4d4d86d9f4dd6d1ec9668f2688c1e5ab,2,2
2023_17_ATL_CHI,2023,17,2023-12-31,04a8a0b984c5853cc74b3f7aa350169d,1,2
2023_17_CAR_JAX,2023,17,2023-12-31,14ee1908972456dd89e80d242417c095,2,2
2023_17_CIN_KC,2023,17,2023-12-31,15e520010a81e82faa9db037632923aa,2,2
2023_17_DET_DAL,2023,17,2023-12-30,e282b9dedc7fbb32af43dcd2c0514ddf,1,2
2023_17_GB_MIN,2023,17,2023-12-31,952206f7c222510449ef202c2cce48b2,2,2
2023_17_LAC_DEN,2023,17,2023-12-31,0cad8e04a03b002316d6fca721bf68af,2,2
2023_17_LA_NYG,2023,17,2023-12-31,61dcb8f3d6ed2f109976809f81c282a0,2,2
2023_17_LV_IND,2023,17,2023-12-31,c51bb08e156ab70ece4fbe9fd5940f83,2,2
2023_17_MIA_BAL,2023,17,2023-12-31,10c45d3ea3c7306b41f67688c09df290,1,2
2023_17_NE_BUF,2023,17,2023-12-31,51a3c6804628bc320376f1281759cd59,1,2
2023_17_NO_TB,2023,17,2023-12-31,4d2f7e87a11b1c3ab93a1d15a8e4364c,2,2
2023_17_NYJ_CLE,2023,17,2023-12-28,856010af3973ce10b0dd20f7dfc50fb6,1,2
2023_17_PIT_SEA,2023,17,2023-12-31,5571cbd8990b1bc4c2a429639a8b0a32,2,2
2023_17_SF_WAS,2023,17,2023-12-31,4b3400a92d27954eba760f003c253ddb,2,2
2023_17_TEN_HOU,2023,17,2023-12-31,1eefaa757efae485b1164d514ef95c72,1,2
2023_18_ATL_NO,2023,18,2024-01-07,794e49c4f03306ab9c79cb84fcc2b0ac,1,2
2023_18_BUF_MIA,2023,18,2024-01-07,4ede93bcf0120eff85ceba01144694b9,2,2
2023_18_CHI_GB,2023,18,2024-01-07,2b2da592b91fb61473aed5b4fe975254,1,2
2023_18_CLE_CIN,2023,18,2024-01-07,3b2ca03d8a1c87413dda744594de7c81,2,2
2023_18_DAL_WAS,2023,18,2024-01-07,d7e8bbb2997c341248c04ec59abb94fb,1,2
2023_18_DEN_LV,2023,18,2024-01-07,0a2ff22cc0b88ac0a5224c1b9c85d1fa,2,2
2023_18_HOU_IND,2023,18,2024-01-06,2e8d909625844e0aea3dad1beee6712f,2,2
2023_18_JAX_TEN,2023,18,2024-01-07,634a1542db2328ac7ae7660079075e62,2,2
2023_18_KC_LAC,2023,18,2024-01-07,24788089774532d6fe34b7f047f361e7,2,2
2023_18_LA_SF,2023,18,2024-01-07,52c6f0c38ee6458d03e5caffe56af385,1,2
2023_18_MIN_DET,2023,18,2024-01-07,46b392b972587cb9f66805dcea8dcac9,2,2
2023_18_NYJ_NE,2023,18,2024-01-07,fb5a05459a7e5616f95e2caa7732c20f,1,2
2023_18_PHI_NYG,2023,18,2024-01-07,66c7e39643ecae341addae9fff981d0b,1,2
2023_18_PIT_BAL,2023,18,2024-01-06,f1db1ea65e63375c8f6f9766dac5d4f7,2,2
2023_18_SEA_ARI,2023,18,2024-01-07,c275e949047e5983348e5431f78e4013,2,2
2023_18_TB_CAR,2023,18,2024-01-07,50c6ec417a0a3cb00945bee203ecccad,1,2
2024_01_ARI_BUF,2024,1,2024-09-08,7a5e353202d40a844491fa5753bc3097,1,2
2024_01_BAL_KC,2024,1,2024-09-05,612c2c3f6ca9e10d4b7ead21a2b0ff38,1,2
2024_01_CAR_NO,2024,1,2024-09-08,022add645ca37d612dbb69e8ef02f6b9,1,2
2024_01_DAL_CLE,2024,1,2024-09-08,a1682ca5d9e0c4b14d19ed69d6299806,1,2
2024_01_DEN_SEA,2024,1,2024-09-08,afb7e137dbb2a3de38d2d3cb68897e3b,1,2
2024_01_GB_PHI,2024,1,2024-09-06,eca3b71919531e7ae0b4f3f501157e6c,1,2
2024_01_HOU_IND,2024,1,2024-09-08,60fdc65ee27ab7dbe07dc06ef35afadc,1,2
2024_01_JAX_MIA,2024,1,2024-09-08,8c0e75b0a4ea07212e741acf25ad96b6,1,2
2024_01_LA_DET,2024,1,2024-09-08,fa20351fa9ca26c47f93abc8a9b2c941,1,2
2024_01_LV_LAC,2024,1,2024-09-08,a2f9dcdf49ccacf33036a0b795413a6e,1,2
2024_01_MIN_NYG,2024,1,2024-09-08,c483f5c8e0ee5f1f5abdd75870eeeffc,1,2
2024_01_NE_CIN,2024,1,2024-09-08,5f14ebd3a8f10d141a7f0c2dcf510368,1,2
2024_01_NYJ_SF,2024,1,2024-09-09,d94f808523ced7460f7c88c758c481f5,1,2
2024_01_PIT_ATL,2024,1,2024-09-08,92665529cce6b8089e793d1e7d5e4b66,1,2
2024_01_TEN_CHI,2024,1,2024-09-08,b5b9d07cdd5c7bd14e943ccd7973e6a2,1,2
2024_01_WAS_TB,2024,1,2024-09-08,ba439e5505ce1ee745d2e48f2d2f31e6,1,2
