game_id,season,week,gameday,identity,feat_ok,n_units,censor_reasons
2023_06_SEA_CIN,2023,6,2023-10-15,True,False,1,snaps:SEA
2023_06_SF_CLE,2023,6,2023-10-15,True,False,1,snaps:CLE
2023_06_DET_TB,2023,6,2023-10-15,True,False,1,snaps:TB
2023_06_DAL_LAC,2023,6,2023-10-16,True,False,1,snaps:LAC
2023_07_PIT_LA,2023,7,2023-10-22,True,False,1,snaps:PIT
2023_07_GB_DEN,2023,7,2023-10-22,True,False,1,snaps:GB
2023_08_HOU_CAR,2023,8,2023-10-29,True,False,0,snaps:HOU;snaps:CAR
2023_08_LA_DAL,2023,8,2023-10-29,True,False,1,snaps:DAL
2023_08_NYJ_NYG,2023,8,2023-10-29,True,False,1,snaps:NYJ
2023_08_ATL_TEN,2023,8,2023-10-29,True,False,1,snaps:TEN
2023_08_CIN_SF,2023,8,2023-10-29,True,False,1,snaps:CIN
2023_10_SF_JAX,2023,10,2023-11-12,True,False,0,snaps:SF;snaps:JAX
2023_10_DET_LAC,2023,10,2023-11-12,True,False,1,snaps:DET
2023_10_DEN_BUF,2023,10,2023-11-13,True,False,1,snaps:DEN
2023_11_LV_MIA,2023,11,2023-11-19,True,False,1,snaps:MIA
2023_11_SEA_LA,2023,11,2023-11-19,True,False,1,snaps:LA
2023_11_PHI_KC,2023,11,2023-11-20,True,False,0,snaps:PHI;snaps:KC
2023_12_NO_ATL,2023,12,2023-11-26,True,False,0,snaps:NO;snaps:ATL
2023_12_TB_IND,2023,12,2023-11-26,True,False,1,snaps:IND
2023_12_NE_NYG,2023,12,2023-11-26,True,False,1,snaps:NE
2023_14_LA_BAL,2023,14,2023-12-10,True,False,1,snaps:BAL
2023_14_DET_CHI,2023,14,2023-12-10,True,False,1,snaps:CHI
2023_14_MIN_LV,2023,14,2023-12-10,True,False,0,snaps:MIN;snaps:LV
2023_14_BUF_KC,2023,14,2023-12-10,True,False,1,snaps:BUF
2023_14_GB_NYG,2023,14,2023-12-11,True,False,1,snaps:NYG
2023_15_SF_ARI,2023,15,2023-12-17,True,False,1,snaps:ARI
2023_15_WAS_LA,2023,15,2023-12-17,True,False,1,snaps:WAS
2024_02_BUF_MIA,2024,2,2024-09-12,True,False,2,nextgen:BUF;nextgen:MIA
2024_02_LV_BAL,2024,2,2024-09-15,True,False,2,nextgen:LV
2024_02_LAC_CAR,2024,2,2024-09-15,True,False,2,nextgen:LAC;nextgen:CAR
2024_02_NO_DAL,2024,2,2024-09-15,True,False,2,nextgen:NO;nextgen:DAL
2024_02_TB_DET,2024,2,2024-09-15,True,False,2,nextgen:TB;nextgen:DET
2024_02_IND_GB,2024,2,2024-09-15,True,False,2,nextgen:IND;nextgen:GB
2024_02_CLE_JAX,2024,2,2024-09-15,True,False,2,nextgen:CLE;nextgen:JAX
2024_02_SF_MIN,2024,2,2024-09-15,True,False,2,nextgen:SF;nextgen:MIN
2024_02_SEA_NE,2024,2,2024-09-15,True,False,2,nextgen:SEA;nextgen:NE
2024_02_NYJ_TEN,2024,2,2024-09-15,True,False,2,nextgen:NYJ;nextgen:TEN
2024_02_NYG_WAS,2024,2,2024-09-15,True,False,2,nextgen:NYG;nextgen:WAS
2024_02_LA_ARI,2024,2,2024-09-15,True,False,2,nextgen:LA;nextgen:ARI
2024_02_PIT_DEN,2024,2,2024-09-15,True,False,2,nextgen:PIT;nextgen:DEN
2024_02_CIN_KC,2024,2,2024-09-15,True,False,2,nextgen:CIN
2024_02_CHI_HOU,2024,2,2024-09-15,True,False,2,nextgen:CHI;nextgen:HOU
2024_02_ATL_PHI,2024,2,2024-09-16,True,False,2,nextgen:ATL;nextgen:PHI
2024_03_NE_NYJ,2024,3,2024-09-19,True,False,2,nextgen:NE;nextgen:NYJ
2024_03_NYG_CLE,2024,3,2024-09-22,True,False,2,nextgen:NYG;nextgen:CLE
2024_03_CHI_IND,2024,3,2024-09-22,True,False,2,nextgen:CHI;nextgen:IND
2024_03_HOU_MIN,2024,3,2024-09-22,True,False,2,nextgen:HOU;nextgen:MIN
2024_03_PHI_NO,2024,3,2024-09-22,True,False,2,nextgen:PHI;nextgen:NO
2024_03_LAC_PIT,2024,3,2024-09-22,True,False,2,nextgen:LAC;nextgen:PIT
2024_03_DEN_TB,2024,3,2024-09-22,True,False,2,nextgen:DEN;nextgen:TB
2024_03_GB_TEN,2024,3,2024-09-22,True,False,2,nextgen:GB;nextgen:TEN
2024_03_CAR_LV,2024,3,2024-09-22,True,False,2,nextgen:CAR;nextgen:LV
2024_03_MIA_SEA,2024,3,2024-09-22,True,False,2,nextgen:MIA;nextgen:SEA
2024_03_DET_ARI,2024,3,2024-09-22,True,False,2,nextgen:DET;nextgen:ARI
2024_03_BAL_DAL,2024,3,2024-09-22,True,False,2,nextgen:DAL
2024_03_SF_LA,2024,3,2024-09-22,True,False,2,nextgen:SF;nextgen:LA
2024_03_KC_ATL,2024,3,2024-09-22,True,False,2,nextgen:ATL
2024_03_JAX_BUF,2024,3,2024-09-23,True,False,2,nextgen:JAX;nextgen:BUF
2024_03_WAS_CIN,2024,3,2024-09-23,True,False,2,nextgen:WAS;nextgen:CIN
2024_04_DAL_NYG,2024,4,2024-09-26,True,False,2,nextgen:DAL;nextgen:NYG
2024_04_NO_ATL,2024,4,2024-09-29,True,False,2,nextgen:NO;nextgen:ATL
2024_04_CIN_CAR,2024,4,2024-09-29,True,False,2,nextgen:CIN;nextgen:CAR
2024_04_LA_CHI,2024,4,2024-09-29,True,False,2,nextgen:LA;nextgen:CHI
2024_04_MIN_GB,2024,4,2024-09-29,True,False,2,nextgen:MIN;nextgen:GB
2024_04_JAX_HOU,2024,4,2024-09-29,True,False,2,nextgen:JAX;nextgen:HOU
2024_04_PIT_IND,2024,4,2024-09-29,True,False,2,nextgen:PIT;nextgen:IND
2024_04_DEN_NYJ,2024,4,2024-09-29,True,False,2,nextgen:DEN;nextgen:NYJ
2024_04_PHI_TB,2024,4,2024-09-29,True,False,2,nextgen:PHI;nextgen:TB
2024_04_WAS_ARI,2024,4,2024-09-29,True,False,2,nextgen:WAS;nextgen:ARI
2024_04_NE_SF,2024,4,2024-09-29,True,False,2,nextgen:NE;nextgen:SF
2024_04_KC_LAC,2024,4,2024-09-29,True,False,2,nextgen:LAC
2024_04_CLE_LV,2024,4,2024-09-29,True,False,2,nextgen:CLE;nextgen:LV
2024_04_BUF_BAL,2024,4,2024-09-29,True,False,2,nextgen:BUF
2024_04_TEN_MIA,2024,4,2024-09-30,True,False,2,nextgen:TEN;nextgen:MIA
2024_04_SEA_DET,2024,4,2024-09-30,True,False,2,nextgen:SEA;nextgen:DET
2024_05_TB_ATL,2024,5,2024-10-03,True,False,2,nextgen:TB;nextgen:ATL
2024_05_NYJ_MIN,2024,5,2024-10-06,True,False,2,nextgen:NYJ;nextgen:MIN
2024_05_CAR_CHI,2024,5,2024-10-06,True,False,2,nextgen:CAR;nextgen:CHI
2024_05_BAL_CIN,2024,5,2024-10-06,True,False,2,nextgen:CIN
2024_05_BUF_HOU,2024,5,2024-10-06,True,False,2,nextgen:BUF;nextgen:HOU
2024_05_IND_JAX,2024,5,2024-10-06,True,False,2,nextgen:IND;nextgen:JAX
2024_05_MIA_NE,2024,5,2024-10-06,True,False,2,nextgen:MIA;nextgen:NE
2024_05_CLE_WAS,2024,5,2024-10-06,True,False,2,nextgen:CLE;nextgen:WAS
2024_05_LV_DEN,2024,5,2024-10-06,True,False,2,nextgen:LV;nextgen:DEN
2024_05_ARI_SF,2024,5,2024-10-06,True,False,2,nextgen:ARI;nextgen:SF
2024_05_GB_LA,2024,5,2024-10-06,True,False,2,nextgen:GB;nextgen:LA
2024_05_NYG_SEA,2024,5,2024-10-06,True,False,2,nextgen:NYG;nextgen:SEA
2024_05_DAL_PIT,2024,5,2024-10-06,True,False,2,nextgen:DAL;nextgen:PIT
2024_05_NO_KC,2024,5,2024-10-07,True,False,2,nextgen:NO
2024_06_SF_SEA,2024,6,2024-10-10,True,False,2,nextgen:SF;nextgen:SEA
2024_06_JAX_CHI,2024,6,2024-10-13,True,False,2,nextgen:JAX;nextgen:CHI
2024_06_WAS_BAL,2024,6,2024-10-13,True,False,2,nextgen:WAS
2024_06_ARI_GB,2024,6,2024-10-13,True,False,2,nextgen:ARI;nextgen:GB
2024_06_HOU_NE,2024,6,2024-10-13,True,False,2,nextgen:HOU;nextgen:NE
2024_06_TB_NO,2024,6,2024-10-13,True,False,2,nextgen:TB;nextgen:NO
2024_06_CLE_PHI,2024,6,2024-10-13,True,False,1,nextgen:CLE;nextgen:PHI;snaps:PHI
2024_06_IND_TEN,2024,6,2024-10-13,True,False,1,nextgen:IND;nextgen:TEN;snaps:TEN
2024_06_LAC_DEN,2024,6,2024-10-13,True,False,1,nextgen:LAC;snaps:LAC;nextgen:DEN
2024_06_PIT_LV,2024,6,2024-10-13,True,False,2,nextgen:PIT;nextgen:LV
2024_06_ATL_CAR,2024,6,2024-10-13,True,False,2,nextgen:ATL;nextgen:CAR
2024_06_DET_DAL,2024,6,2024-10-13,True,False,1,nextgen:DET;snaps:DET;nextgen:DAL
2024_06_CIN_NYG,2024,6,2024-10-13,True,False,2,nextgen:CIN;nextgen:NYG
2024_06_BUF_NYJ,2024,6,2024-10-14,True,False,2,nextgen:BUF;nextgen:NYJ
2024_07_DEN_NO,2024,7,2024-10-17,True,False,2,nextgen:DEN;nextgen:NO
2024_07_NE_JAX,2024,7,2024-10-20,True,False,2,nextgen:NE;nextgen:JAX
2024_07_SEA_ATL,2024,7,2024-10-20,True,False,2,nextgen:SEA;nextgen:ATL
2024_07_TEN_BUF,2024,7,2024-10-20,True,False,2,nextgen:TEN;nextgen:BUF
2024_07_CIN_CLE,2024,7,2024-10-20,True,False,2,nextgen:CIN;nextgen:CLE
2024_07_HOU_GB,2024,7,2024-10-20,True,False,2,nextgen:HOU;nextgen:GB
2024_07_MIA_IND,2024,7,2024-10-20,True,False,1,nextgen:MIA;snaps:MIA;nextgen:IND
2024_07_DET_MIN,2024,7,2024-10-20,True,False,1,nextgen:DET;nextgen:MIN;snaps:MIN
2024_07_PHI_NYG,2024,7,2024-10-20,True,False,2,nextgen:PHI;nextgen:NYG
2024_07_LV_LA,2024,7,2024-10-20,True,False,1,nextgen:LV;nextgen:LA;snaps:LA
2024_07_CAR_WAS,2024,7,2024-10-20,True,False,2,nextgen:CAR;nextgen:WAS
2024_07_KC_SF,2024,7,2024-10-20,True,False,1,snaps:KC;nextgen:SF
2024_07_NYJ_PIT,2024,7,2024-10-20,True,False,2,nextgen:NYJ;nextgen:PIT
2024_07_BAL_TB,2024,7,2024-10-21,True,False,2,nextgen:TB
2024_07_LAC_ARI,2024,7,2024-10-21,True,False,2,nextgen:LAC;nextgen:ARI
2024_08_MIN_LA,2024,8,2024-10-24,True,False,2,nextgen:MIN;nextgen:LA
2024_08_PHI_CIN,2024,8,2024-10-27,True,False,2,nextgen:PHI;nextgen:CIN
2024_08_BAL_CLE,2024,8,2024-10-27,True,False,2,nextgen:CLE
2024_08_TEN_DET,2024,8,2024-10-27,True,False,2,nextgen:TEN;nextgen:DET
2024_08_IND_HOU,2024,8,2024-10-27,True,False,2,nextgen:IND;nextgen:HOU
2024_08_GB_JAX,2024,8,2024-10-27,True,False,2,nextgen:GB;nextgen:JAX
2024_08_ARI_MIA,2024,8,2024-10-27,True,False,2,nextgen:ARI;nextgen:MIA
2024_08_NYJ_NE,2024,8,2024-10-27,True,False,2,nextgen:NYJ;nextgen:NE
2024_08_ATL_TB,2024,8,2024-10-27,True,False,2,nextgen:ATL;nextgen:TB
2024_08_NO_LAC,2024,8,2024-10-27,True,False,2,nextgen:NO;nextgen:LAC
2024_08_BUF_SEA,2024,8,2024-10-27,True,False,2,nextgen:BUF;nextgen:SEA
2024_08_CAR_DEN,2024,8,2024-10-27,True,False,2,nextgen:CAR;nextgen:DEN
2024_08_KC_LV,2024,8,2024-10-27,True,False,2,nextgen:LV
2024_08_CHI_WAS,2024,8,2024-10-27,True,False,1,nextgen:CHI;snaps:CHI;nextgen:WAS
2024_08_DAL_SF,2024,8,2024-10-27,True,False,1,nextgen:DAL;snaps:DAL;nextgen:SF
2024_08_NYG_PIT,2024,8,2024-10-28,True,False,2,nextgen:NYG;nextgen:PIT
2024_09_HOU_NYJ,2024,9,2024-10-31,True,False,2,nextgen:HOU;nextgen:NYJ
2024_09_DAL_ATL,2024,9,2024-11-03,True,False,2,nextgen:DAL;nextgen:ATL
2024_09_DEN_BAL,2024,9,2024-11-03,True,False,2,nextgen:DEN
2024_09_MIA_BUF,2024,9,2024-11-03,True,False,2,nextgen:MIA;nextgen:BUF
2024_09_NO_CAR,2024,9,2024-11-03,True,False,2,nextgen:NO;nextgen:CAR
2024_09_LV_CIN,2024,9,2024-11-03,True,False,2,nextgen:LV;nextgen:CIN
2024_09_LAC_CLE,2024,9,2024-11-03,True,False,2,nextgen:LAC;nextgen:CLE
2024_09_WAS_NYG,2024,9,2024-11-03,True,False,2,nextgen:WAS;nextgen:NYG
2024_09_NE_TEN,2024,9,2024-11-03,True,False,2,nextgen:NE;nextgen:TEN
2024_09_CHI_ARI,2024,9,2024-11-03,True,False,2,nextgen:CHI;nextgen:ARI
2024_09_JAX_PHI,2024,9,2024-11-03,True,False,2,nextgen:JAX;nextgen:PHI
2024_09_DET_GB,2024,9,2024-11-03,True,False,2,nextgen:DET;nextgen:GB
2024_09_LA_SEA,2024,9,2024-11-03,True,False,2,nextgen:LA;nextgen:SEA
2024_09_IND_MIN,2024,9,2024-11-03,True,False,2,nextgen:IND;nextgen:MIN
2024_09_TB_KC,2024,9,2024-11-04,True,False,2,nextgen:TB
2024_10_CIN_BAL,2024,10,2024-11-07,True,False,2,nextgen:CIN
2024_10_NYG_CAR,2024,10,2024-11-10,True,False,2,nextgen:NYG;nextgen:CAR
2024_10_NE_CHI,2024,10,2024-11-10,True,False,2,nextgen:NE;nextgen:CHI
2024_10_BUF_IND,2024,10,2024-11-10,True,False,2,nextgen:BUF;nextgen:IND
2024_10_MIN_JAX,2024,10,2024-11-10,True,False,2,nextgen:MIN;nextgen:JAX
2024_10_DEN_KC,2024,10,2024-11-10,True,False,2,nextgen:DEN
2024_10_ATL_NO,2024,10,2024-11-10,True,False,2,nextgen:ATL;nextgen:NO
2024_10_SF_TB,2024,10,2024-11-10,True,False,1,nextgen:SF;snaps:SF;nextgen:TB
2024_10_PIT_WAS,2024,10,2024-11-10,True,False,1,nextgen:PIT;snaps:PIT;nextgen:WAS
2024_10_TEN_LAC,2024,10,2024-11-10,True,False,2,nextgen:TEN;nextgen:LAC
2024_10_NYJ_ARI,2024,10,2024-11-10,True,False,2,nextgen:NYJ;nextgen:ARI
2024_10_PHI_DAL,2024,10,2024-11-10,True,False,2,nextgen:PHI;nextgen:DAL
2024_10_DET_HOU,2024,10,2024-11-10,True,False,2,nextgen:DET;nextgen:HOU
2024_10_MIA_LA,2024,10,2024-11-11,True,False,2,nextgen:MIA;nextgen:LA
2024_11_WAS_PHI,2024,11,2024-11-14,True,False,2,nextgen:WAS;nextgen:PHI
2024_11_GB_CHI,2024,11,2024-11-17,True,False,1,nextgen:GB;snaps:GB;nextgen:CHI
2024_11_JAX_DET,2024,11,2024-11-17,True,False,2,nextgen:JAX;nextgen:DET
2024_11_LV_MIA,2024,11,2024-11-17,True,False,1,nextgen:LV;snaps:LV;nextgen:MIA
2024_11_LA_NE,2024,11,2024-11-17,True,False,2,nextgen:LA;nextgen:NE
2024_11_CLE_NO,2024,11,2024-11-17,True,False,1,nextgen:CLE;snaps:CLE;nextgen:NO
2024_11_IND_NYJ,2024,11,2024-11-17,True,False,2,nextgen:IND;nextgen:NYJ
2024_11_BAL_PIT,2024,11,2024-11-17,True,False,2,nextgen:PIT
2024_11_MIN_TEN,2024,11,2024-11-17,True,False,2,nextgen:MIN;nextgen:TEN
2024_11_ATL_DEN,2024,11,2024-11-17,True,False,2,nextgen:ATL;nextgen:DEN
2024_11_SEA_SF,2024,11,2024-11-17,True,False,1,nextgen:SEA;snaps:SEA;nextgen:SF
2024_11_KC_BUF,2024,11,2024-11-17,True,False,2,nextgen:BUF
2024_11_CIN_LAC,2024,11,2024-11-17,True,False,2,nextgen:CIN;nextgen:LAC
2024_11_HOU_DAL,2024,11,2024-11-18,True,False,2,nextgen:HOU;nextgen:DAL
2024_12_PIT_CLE,2024,12,2024-11-21,True,False,2,nextgen:PIT;nextgen:CLE
2024_12_KC_CAR,2024,12,2024-11-24,True,False,1,nextgen:CAR;snaps:CAR
2024_12_MIN_CHI,2024,12,2024-11-24,True,False,2,nextgen:MIN;nextgen:CHI
2024_12_TEN_HOU,2024,12,2024-11-24,True,False,2,nextgen:TEN;nextgen:HOU
2024_12_DET_IND,2024,12,2024-11-24,True,False,2,nextgen:DET;nextgen:IND
2024_12_NE_MIA,2024,12,2024-11-24,True,False,2,nextgen:NE;nextgen:MIA
2024_12_TB_NYG,2024,12,2024-11-24,True,False,0,nextgen:TB;snaps:TB;nextgen:NYG;snaps:NYG
2024_12_DAL_WAS,2024,12,2024-11-24,True,False,2,nextgen:DAL;nextgen:WAS
2024_12_DEN_LV,2024,12,2024-11-24,True,False,2,nextgen:DEN;nextgen:LV
2024_12_SF_GB,2024,12,2024-11-24,True,False,2,nextgen:SF;nextgen:GB
2024_12_ARI_SEA,2024,12,2024-11-24,True,False,1,nextgen:ARI;snaps:ARI;nextgen:SEA
2024_12_PHI_LA,2024,12,2024-11-24,True,False,2,nextgen:PHI;nextgen:LA
2024_12_BAL_LAC,2024,12,2024-11-25,True,False,2,nextgen:LAC
2024_13_CHI_DET,2024,13,2024-11-28,True,False,2,nextgen:CHI;nextgen:DET
2024_13_NYG_DAL,2024,13,2024-11-28,True,False,2,nextgen:NYG;nextgen:DAL
2024_13_MIA_GB,2024,13,2024-11-28,True,False,2,nextgen:MIA;nextgen:GB
2024_13_LV_KC,2024,13,2024-11-29,True,False,2,nextgen:LV
2024_13_LAC_ATL,2024,13,2024-12-01,True,False,1,nextgen:LAC;nextgen:ATL;snaps:ATL
2024_13_PIT_CIN,2024,13,2024-12-01,True,False,1,nextgen:PIT;nextgen:CIN;snaps:CIN
2024_13_HOU_JAX,2024,13,2024-12-01,True,False,1,nextgen:HOU;nextgen:JAX;snaps:JAX
2024_13_ARI_MIN,2024,13,2024-12-01,True,False,2,nextgen:ARI;nextgen:MIN
2024_13_IND_NE,2024,13,2024-12-01,True,False,2,nextgen:IND;nextgen:NE
2024_13_SEA_NYJ,2024,13,2024-12-01,True,False,1,nextgen:SEA;nextgen:NYJ;snaps:NYJ
2024_13_TEN_WAS,2024,13,2024-12-01,True,False,2,nextgen:TEN;nextgen:WAS
2024_13_TB_CAR,2024,13,2024-12-01,True,False,2,nextgen:TB;nextgen:CAR
2024_13_LA_NO,2024,13,2024-12-01,True,False,1,nextgen:LA;nextgen:NO;snaps:NO
2024_13_PHI_BAL,2024,13,2024-12-01,True,False,2,nextgen:PHI
2024_13_SF_BUF,2024,13,2024-12-01,True,False,1,nextgen:SF;nextgen:BUF;snaps:BUF
2024_13_CLE_DEN,2024,13,2024-12-02,True,False,2,nextgen:CLE;nextgen:DEN
2024_14_GB_DET,2024,14,2024-12-05,True,False,2,nextgen:GB;nextgen:DET
2024_14_NYJ_MIA,2024,14,2024-12-08,True,False,2,nextgen:NYJ;nextgen:MIA
2024_14_ATL_MIN,2024,14,2024-12-08,True,False,2,nextgen:ATL;nextgen:MIN
2024_14_NO_NYG,2024,14,2024-12-08,True,False,2,nextgen:NO;nextgen:NYG
2024_14_CAR_PHI,2024,14,2024-12-08,True,False,2,nextgen:CAR;nextgen:PHI
2024_14_CLE_PIT,2024,14,2024-12-08,True,False,2,nextgen:CLE;nextgen:PIT
2024_14_LV_TB,2024,14,2024-12-08,True,False,2,nextgen:LV;nextgen:TB
2024_14_JAX_TEN,2024,14,2024-12-08,True,False,2,nextgen:JAX;nextgen:TEN
2024_14_SEA_ARI,2024,14,2024-12-08,True,False,2,nextgen:SEA;nextgen:ARI
2024_14_BUF_LA,2024,14,2024-12-08,True,False,2,nextgen:BUF;nextgen:LA
2024_14_CHI_SF,2024,14,2024-12-08,True,False,2,nextgen:CHI;nextgen:SF
2024_14_LAC_KC,2024,14,2024-12-08,True,False,2,nextgen:LAC
2024_14_CIN_DAL,2024,14,2024-12-09,True,False,2,nextgen:CIN;nextgen:DAL
2024_15_LA_SF,2024,15,2024-12-12,True,False,2,nextgen:LA;nextgen:SF
2024_15_DAL_CAR,2024,15,2024-12-15,True,False,2,nextgen:DAL;nextgen:CAR
2024_15_KC_CLE,2024,15,2024-12-15,True,False,2,nextgen:CLE
2024_15_MIA_HOU,2024,15,2024-12-15,True,False,1,nextgen:MIA;nextgen:HOU;snaps:HOU
2024_15_NYJ_JAX,2024,15,2024-12-15,True,False,2,nextgen:NYJ;nextgen:JAX
2024_15_WAS_NO,2024,15,2024-12-15,True,False,1,nextgen:WAS;snaps:WAS;nextgen:NO
2024_15_BAL_NYG,2024,15,2024-12-15,True,False,1,snaps:BAL;nextgen:NYG
2024_15_CIN_TEN,2024,15,2024-12-15,True,False,2,nextgen:CIN;nextgen:TEN
2024_15_NE_ARI,2024,15,2024-12-15,True,False,1,nextgen:NE;snaps:NE;nextgen:ARI
2024_15_IND_DEN,2024,15,2024-12-15,True,False,0,nextgen:IND;snaps:IND;nextgen:DEN;snaps:DEN
2024_15_BUF_DET,2024,15,2024-12-15,True,False,2,nextgen:BUF;nextgen:DET
2024_15_TB_LAC,2024,15,2024-12-15,True,False,2,nextgen:TB;nextgen:LAC
2024_15_PIT_PHI,2024,15,2024-12-15,True,False,2,nextgen:PIT;nextgen:PHI
2024_15_GB_SEA,2024,15,2024-12-15,True,False,2,nextgen:GB;nextgen:SEA
2024_15_CHI_MIN,2024,15,2024-12-16,True,False,2,nextgen:CHI;nextgen:MIN
2024_15_ATL_LV,2024,15,2024-12-16,True,False,2,nextgen:ATL;nextgen:LV
2024_16_DEN_LAC,2024,16,2024-12-19,True,False,2,nextgen:DEN;nextgen:LAC
2024_16_HOU_KC,2024,16,2024-12-21,True,False,2,nextgen:HOU
2024_16_PIT_BAL,2024,16,2024-12-21,True,False,2,nextgen:PIT
2024_16_NYG_ATL,2024,16,2024-12-22,True,False,2,nextgen:NYG;nextgen:ATL
2024_16_ARI_CAR,2024,16,2024-12-22,True,False,2,nextgen:ARI;nextgen:CAR
2024_16_DET_CHI,2024,16,2024-12-22,True,False,2,nextgen:DET;nextgen:CHI
2024_16_CLE_CIN,2024,16,2024-12-22,True,False,2,nextgen:CLE;nextgen:CIN
2024_16_TEN_IND,2024,16,2024-12-22,True,False,2,nextgen:TEN;nextgen:IND
2024_16_LA_NYJ,2024,16,2024-12-22,True,False,2,nextgen:LA;nextgen:NYJ
2024_16_PHI_WAS,2024,16,2024-12-22,True,False,2,nextgen:PHI;nextgen:WAS
2024_16_MIN_SEA,2024,16,2024-12-22,True,False,2,nextgen:MIN;nextgen:SEA
2024_16_NE_BUF,2024,16,2024-12-22,True,False,2,nextgen:NE;nextgen:BUF
2024_16_JAX_LV,2024,16,2024-12-22,True,False,2,nextgen:JAX;nextgen:LV
2024_16_SF_MIA,2024,16,2024-12-22,True,False,2,nextgen:SF;nextgen:MIA
2024_16_TB_DAL,2024,16,2024-12-22,True,False,2,nextgen:TB;nextgen:DAL
2024_16_NO_GB,2024,16,2024-12-23,True,False,2,nextgen:NO;nextgen:GB
2024_17_KC_PIT,2024,17,2024-12-25,True,False,2,nextgen:PIT
2024_17_BAL_HOU,2024,17,2024-12-25,True,False,2,nextgen:HOU
2024_17_SEA_CHI,2024,17,2024-12-26,True,False,2,nextgen:SEA;nextgen:CHI
2024_17_LAC_NE,2024,17,2024-12-28,True,False,2,nextgen:LAC;nextgen:NE
2024_17_DEN_CIN,2024,17,2024-12-28,True,False,2,nextgen:DEN;nextgen:CIN
2024_17_ARI_LA,2024,17,2024-12-28,True,False,2,nextgen:ARI;nextgen:LA
2024_17_NYJ_BUF,2024,17,2024-12-29,True,False,2,nextgen:NYJ;nextgen:BUF
2024_17_TEN_JAX,2024,17,2024-12-29,True,False,2,nextgen:TEN;nextgen:JAX
2024_17_LV_NO,2024,17,2024-12-29,True,False,2,nextgen:LV;nextgen:NO
2024_17_IND_NYG,2024,17,2024-12-29,True,False,2,nextgen:IND;nextgen:NYG
2024_17_DAL_PHI,2024,17,2024-12-29,True,False,2,nextgen:DAL;nextgen:PHI
2024_17_CAR_TB,2024,17,2024-12-29,True,False,2,nextgen:CAR;nextgen:TB
2024_17_MIA_CLE,2024,17,2024-12-29,True,False,2,nextgen:MIA;nextgen:CLE
2024_17_GB_MIN,2024,17,2024-12-29,True,False,2,nextgen:GB;nextgen:MIN
2024_17_ATL_WAS,2024,17,2024-12-29,True,False,2,nextgen:ATL;nextgen:WAS
2024_17_DET_SF,2024,17,2024-12-30,True,False,2,nextgen:DET;nextgen:SF
2024_18_CLE_BAL,2024,18,2025-01-04,False,False,2,nextgen:CLE
2024_18_CIN_PIT,2024,18,2025-01-04,False,False,2,nextgen:CIN;nextgen:PIT
2024_18_CAR_ATL,2024,18,2025-01-05,False,False,2,nextgen:CAR;nextgen:ATL
2024_18_WAS_DAL,2024,18,2025-01-05,False,False,2,nextgen:WAS;nextgen:DAL
2024_18_CHI_GB,2024,18,2025-01-05,False,False,2,nextgen:CHI;nextgen:GB
2024_18_JAX_IND,2024,18,2025-01-05,False,False,2,nextgen:JAX;nextgen:IND
2024_18_BUF_NE,2024,18,2025-01-05,False,False,2,nextgen:BUF;nextgen:NE
2024_18_NYG_PHI,2024,18,2025-01-05,False,False,2,nextgen:NYG;nextgen:PHI
2024_18_NO_TB,2024,18,2025-01-05,False,False,2,nextgen:NO;nextgen:TB
2024_18_HOU_TEN,2024,18,2025-01-05,False,False,2,nextgen:HOU;nextgen:TEN
2024_18_SF_ARI,2024,18,2025-01-05,False,False,2,nextgen:SF;nextgen:ARI
2024_18_KC_DEN,2024,18,2025-01-05,False,False,2,nextgen:DEN
2024_18_SEA_LA,2024,18,2025-01-05,False,False,2,nextgen:SEA;nextgen:LA
2024_18_LAC_LV,2024,18,2025-01-05,False,False,2,nextgen:LAC;nextgen:LV
2024_18_MIA_NYJ,2024,18,2025-01-05,False,False,2,nextgen:MIA;nextgen:NYJ
2024_18_MIN_DET,2024,18,2025-01-05,False,False,2,nextgen:MIN;nextgen:DET
